Tweet Text,Marker of Honesty (0 for no /1 for yes),"Fact, Opinion, or Neither (F/O/N)",Was the Filter Accurate (0 for no/1 for yes),,,Non-Text Quote Tweets (1),,,,,,,
You canâ€™t expect somebody who donâ€™t keep it real with themselves to keep it a ğŸ’¯ with you or anybody else had to learn that the hard way ğŸ’¯ğŸ’¯,1,O,1,,,,,,,,,,
Keep it simple as black and white and ppl will show their true colors every time ğŸ’¯,1,O,1,,,,,,,,,,
Donâ€™t act like you fuck wit me.. if you really donâ€™t keep it that way simple ğŸ’¯,1,O,1,,,,,,,,,,
ğŸ’¯ Why we need to kill the filibuster and why McConnell is fighting so hard to keep it. https://t.co/8dUsbHhhiu,1,O,1,,,,,,,,,,
Just be yourself and always keep it ğŸ’¯,1,O,1,,,,,,,,,,
ğŸ¤£ This is by far the classiest yet deep in the fillers own I think Iâ€™ve ever seen! Way to go @tedcruz ğŸ‘ğŸ»ğŸ‘ğŸ»ğŸ‘ğŸ» ğŸ’¯ğŸ‡ºğŸ‡¸ğŸ’ªğŸ» https://t.co/NoMPN4v6lt,0,N,0,,,,,,,,,,
I think I deserve my man stimulus check ğŸ¤ªğŸ’¯,1,O,1,,,,,,,,,,
British Lovers high quality.... Iâ€™m on my way ğŸ’¯ğŸ˜Š https://t.co/zERtXG8EuK,1,O,1,,,,,,,,,,
Put some respect on this man nameğŸ˜¤ğŸ˜¤ğŸ’¯ https://t.co/N0Nv2JWaHq,0,N,0,,,,,,,,,,
Rubi Rose is so pretty to me ğŸ’¯ğŸ˜© I seen that video of the install from @iamslayyobae â˜ºï¸ @RubixxRose,1,O,1,,,,,,,,,,
Goddamn images speak volume dont they? ğŸ’¯ğŸ’¯ğŸ’¯ğŸ¤·ğŸ¿â€â™‚ï¸âœ”ğŸ’¯âœŠğŸ¿ğŸ‘ğŸ¾ https://t.co/0NkSvXmDb8,1,O,1,,,,,,,,,,
ğŸ’¯ agree with this ğŸ‘‡ https://t.co/zo0PcGb1Bl,0,F,0,,,,,,,,,,
Love talkin to my ma.. She really my best friend ğŸ’¯ğŸ¤ğŸ¾,1,O,1,,,,,,,,,,
My mouth is so fast and slick I got bants for U all night plz believe mums side of the family only speak in sarcasm so try me ğŸ’¯ğŸ˜Š,1,O,1,,,,,,,,,,
Ion know how to feel about this ğŸ˜‚ NLG with another WğŸ’¯ https://t.co/DoGnImSr4Y,1,O,1,,,,,,,,,,
Daddy I need a rack literally next day nigga I donâ€™t have time for you ğŸ’¯,1,O,1,,,,,,,,,,
"Let me clear the air
I am 215 
6â€™1 ğŸ˜‚ 
I will be getting to 205 by next football season ğŸ’¯",1,O,1,,,,,,,,,,
Today I seen how a mf truly felt about me &amp; Iâ€™ll never forget it ğŸ’¯ğŸ’ªğŸ¾,1,O,1,,,,,,,,,,
"I need my airpods to be so loud I can only hear the beat, I can make my own lyrics up bitchğŸ¤£ğŸ’¯ I wanna be deaf when I turn my shit off onğŸ…¿ï¸",1,O,1,,,,,,,,,,
"My life be changing, I know some yâ€™all be big mad ğŸ¥´ğŸ¤¯
YDKIğŸ’¯",1,O,1,,,,,,,,,,
Adam and Eve wore nada so today's women can wear @Janore_brand ğŸ’¯ğŸ‘ğŸ¾ğŸ‘ğŸ¾ğŸ‘ğŸ¾ https://t.co/dXHzrlCQDy,1,O,1,,,,,,,,,,
Quality time ğŸ’¯ https://t.co/05XeHYxDoL,0,N,0,,,,,,,,,,
Iâ€™ll never let a Mf see me sweat ğŸ˜ŒğŸ’¯,1,N,0,,,,,,,,,,
my money is on EmmanuelğŸ’¯â­ğŸ‘Œâ¤#TheNextTVStar,1,F,0,,,,,,,,,,
"""The Ridgeâ€ (or @RidgeCatawba) has 3 BIGTIMEğŸ’¯ athletes now named on @nc_hsfb ""ATHLETE SPOTLIGHTâ€! With multiple offers and interests...Is there any team out there that has some athletes needing there opportunity of a spotlight ğŸ‘€...DM me now!!!ğŸˆ#FridayNightsinCarolina https://t.co/tHRuY10MeS",0,N,0,,,,,,,,,,
The plans I have in play for my future is what keeps me going everyday ğŸ¤ğŸ½ğŸ“ˆğŸ¤‘ğŸ’¯,1,O,1,,,,,,,,,,
I got a feeling tonight gonna be a good night ğŸ˜‚ğŸ’¯,1,O,1,,,,,,,,,,
Be light ğŸ’¡ for all to see they seeing my light in bedstuy brooklyn ğŸ™ğŸ’¯ğŸ’ƒğŸ’ƒğŸ’ƒIâ€™m watch mask ğŸ˜· tonight jim Carrey https://t.co/DHbQt3nxja,0,N,0,,,,,,,,,,
ğŸ’¯% agree pump it to Fkn 50$+ https://t.co/EkStWJHb2S,0,N,0,,,,,,,,,,
"My fathers side of the family are really involved in Ghanian politics, (according to my father at least) my grandfather was good friends with Kwame Nkrumah ğŸ˜ğŸ’¯",1,F,0,,,,,,,,,,
"What. A. Moment. ğŸ‘Œ

@DJEZOfficial with a special remix from the legend that is @toddedwards3000. ğŸ‘ğŸ’¯

@petetong x @julesbuckley x @BeckyHill
 
#StayHomeWithDJEZ https://t.co/0pjM3qJden",0,N,0,,,,,,,,,,
"Iont like people explaining they self too me, you know what you did &amp; itâ€™s understood ğŸ’¯",1,O,1,,,,,,,,,,
Fuck that!! Am stay home tonight ğŸ’¯ğŸ’¯,1,N,0,,,,,,,,,,
"Nice lil hangout with my daughter today,makes my day hanging out with my favorite person in this whole entire world ğŸ™ğŸ’¯ğŸ’¯ğŸ’¯ğŸ’¯ğŸ’¯",1,O,1,,,,,,,,,,
same niggas in yo corner be the ones to get you killedğŸ’¯,1,O,1,,,,,,,,,,
I got fans Iâ€™m just infamous .. so they come around stalkin to steal game and send hate my real way ğŸ¯ğŸ’¯ğŸ’ªğŸ¾,1,O,1,,,,,,,,,,
Best time to listen to #AyraStarrEP ğŸ’¯ğŸŒ¶ğŸŒ¶ mad entry with away chai ğŸ” jazzy canâ€™t go wrong sha @DONJAZZY,1,O,1,,,,,,,,,,
Being real to em will get u stepped on that real shit only for my A1 day 1â€™s ğŸ’¯,1,O,1,,,,,,,,,,
Boys wait for other people ğŸ’¯ Men go out and get it ğŸ’ªğŸ¾,1,O,1,,,,,,,,,,
"Wow! ğŸ™ŒğŸ’¯ğŸ¶âœ”â€¼
Watch: https://t.co/HZQTwUKZbZ
Miss @LaniMisalucha   @MyJaps @xtianbautista 
@thegoldencanedo 
Iba talaga ang mga performances sa #Studio7",0,N,0,,,,,,,,,,
"Yo gen CHINWA
Yo gen ESKÃ’PYON
Yo gen EKSTATERÃˆS
Yo gen CHAMPYOM

ğŸ—£ Di yo #Mechan_Dash gen  ""BIJOUX""ğŸ˜â¤ğŸ˜»

8066 BIJOUXğŸŒ¹ğŸ’¯ğŸ’¸ https://t.co/toIxmpMcgx",0,N,0,,,,,,,,,,
When I care I feel pain. So why would I let myself careğŸ’¯?,1,O,1,,,,,,,,,,
But this freshmen class tho ğŸ’¯ğŸ’¯,0,N,0,,,,,,,,,,
"I donâ€™t mind spoiling someone , long as I have that energy back ğŸ’¯ from the start",0,O,1,,,,,,,,,,
"Been slacking too much, watch in Season 8 when I come back, gotta show these shxtters and wannabes who I am. ğŸ’ªğŸ¾ğŸ’¯",1,O,1,,,,,,,,,,
When I'm feeling down and tired I just play Hustle Hard and that shit make me feel a type of way ğŸ˜ğŸ’¯ğŸ’°,1,O,1,,,,,,,,,,
DNA 3rd was fucking crazyğŸ’¯ğŸ’¯ğŸ”¥ 2-1 DNA #SMACKvolume7,0,N,0,,,,,,,,,,
"THIS THAT ONE CUHZ ğŸ˜‚ğŸ˜‚ğŸ˜‚ğŸ’ªğŸ¾ğŸ’¯ Repost from @imgonzoe
â€¢
Today is the day.. no more excuses #WakeYaGameUp and if nobody hasnâ€™t told you before I believing you! âœŠğŸ¾ https://t.co/or9FpgQRM8",1,O,1,,,,,,,,,,
Me acaban de regalar cafÃ© de palo! ğŸ’¯,1,F,0,,,,,,,,,,
I swearrrrrrrr the universe like playing with me man ğŸ’¯ğŸ¥ºğŸ˜‚,1,O,1,,,,,,,,,,
"At my Best Friends place chillin by their Awesome Christmas tree. 
Good night with Fam. ğŸ™â˜ï¸ğŸ’¯ https://t.co/jVyFqslLv8",1,O,1,,,,,,,,,,
"A very good morning everyone! â™¥ï¸ Thank you so much po, @LuciaPromotes until next time lol. ğŸ¤ª Stay safe y'all. ğŸ’¯ #LuciaCares https://t.co/wB3toxnMau",0,N,0,,,,,,,,,,
"I miss my house in Merced, no drama, just vibes ğŸ’¯ğŸ’¯",1,O,1,,,,,,,,,,
"Ima start doing more shit by myself. I donâ€™t give a damn if I have to go alone. I be waiting around for my friends, or to find friends that wanna do shÃ¬t with me, when I can just do it by my damn self or with people that wanna do whatever it is with me ğŸ’¯ğŸ¤·ğŸ½â€â™€ï¸",1,O,1,,,,,,,,,,
This song right here ğŸ’¯ğŸ¥° #classic90sShit https://t.co/hmyiOZsmeZ,0,N,0,,,,,,,,,,
AND THAT LADIES AND GENTLEMEN IS HOW YOU CAPITALIZE ğŸ’¯ https://t.co/mRXYQBHda6,1,O,1,,,,,,,,,,
I was jamninâ€™ to some BeyoncÃ© too ğŸ™ŒğŸ¾ğŸ˜Š that Coachella version! Whew Chile!! Gets me right every time! ğŸ’¯ğŸ˜‚,1,O,1,,,,,,,,,,
"At this time, I just hope, I'd be very fortunate to be a beneficiary.

@DONJAZZY @DONJAZZY Plz kindly  help your peopleğŸ™ğŸ’¯ @ayrastarr #ayrastarr 
VFD: 1000577517 https://t.co/jMTlH62aBu https://t.co/OItrhRYoPL",0,N,0,,,,,,,,,,
I want a GROWN woman by my side not just in my bed ğŸ’¯ğŸ¤ğŸ¾,1,O,1,,,,,,,,,,
Nobody I mean NOBODY has my attention ğŸ’¯â—ï¸ğŸ˜˜,1,O,1,,,,,,,,,,
Happy Bday to the newest member of that 40/40â€™club @theworldi_c Welcome to only the beginning of livingğŸ’¯ğŸ‰ğŸ’¯ @ Buckhead Atlanta https://t.co/7Jdl6sXfT3,0,N,0,,,,,,,,,,
some1 say something cute to me for my header idc if u lie ğŸ’¯,1,N,0,,,,,,,,,,
I just hope the trolling wey you guys dey troll Medikal be jokes right? Cos nigga deserves some respect ğŸ’¯ğŸ¥‚,1,O,1,,,,,,,,,,
From Game centerâ€™s to PS5 .. God has been good ğŸ’¯â¤ï¸ğŸ™ğŸ½,1,O,1,,,,,,,,,,
"ğŸŒŸ â“…â“„â’¼â“„â’½â“Šâ’· ğŸŒŸ
âœ¨ (Boosted) Meditite â™€ï¸ (22:09)
MOVES: Confusion / Ice Punch
IV: ğŸ’¯ (15/15/15) CP: 475 LVL: 24
ğŸ‡µğŸ‡« Papeete, French Polynesia
-17.544655,-149.580667
#ShinyCheck - follow us see pined link",0,N,0,,,,,,,,,,
â€œPLEASE DONâ€™T TOUCH MEâ€ Official Audio â€¢ Coming Soon â€¢ 2021 #grabencashentertainmentinc @rahswish Aye Big Bro You Made Me Do This One ğŸ’¯ https://t.co/pHLLr5Qmvm,1,O,1,,,,,,,,,,
"saying that something is aesthetically pleasing: ğŸ¤¢ğŸ’©ğŸ™…â€â™€ï¸ğŸ‘

saying that something is sexy/sexc: ğŸ¤©ğŸ”¥ğŸ’¯â¤ï¸",0,N,0,,,,,,,,,,
A pair of dicked Payless shoes ğŸ‘Ÿ. Some shit I never wanted anyway. ğŸ’¯ğŸ’¯ğŸ’¯ğŸ¤ğŸ¤”ğŸ¤·ğŸ¾â€â™‚ï¸ğŸ˜’ https://t.co/ZQQGLpmjK4,1,O,1,,,,,,,,,,
Is it just me or does every one have that one person that ruins there drunk or high every damn time ur with themğŸ˜’ğŸ’¯,1,O,1,,,,,,,,,,
"Algunas personas se creen que son mÃ¡s maduras que uno solo porque son mayores pero a veces pienso que es todo lo contrario porque se comportan peor que un niÃ±o de 5 aÃ±os y a veces los menores somos el ejemplo y los ponemos en su lugar ğŸ˜‚ğŸ˜‚ğŸ˜‚ğŸ¤£ğŸ¤£ğŸ¤£
La edad no define tu madurezğŸ’¯",1,O,1,,,,,,,,,,
Putting everything in motion I'm the  Octopus my hands in everything ğŸ˜¤ğŸ˜¤ğŸ”¥ğŸ’ªğŸ¾ğŸ¥ğŸ™ğŸ½ğŸ’¯ #MoreThanBlessed https://t.co/FMuf4Rge9H,1,O,1,,,,,,,,,,
"To those that's new to $Vnue or have not looking into what $Vnue is about...???
((( READ THIS POST BELOW IMMEDIATELY BEFORE PPS TRULY RUN UP .05-.25+ SHOR-TERM )))
https://t.co/HLK3wJ5RMW
Cheers mate! ğŸ¥³ğŸ”¥ğŸš€ğŸ»ğŸ’¯ğŸ‘ğŸ”’ğŸ˜",0,N,0,,,,,,,,,,
Watching my boy @Lav_TMP. Your videos are hella addicting and entertaining. ğŸ‘ ğŸ’¯,1,O,1,,,,,,,,,,
"On god, keep that shit away from meğŸ’¯ğŸ’–ğŸ˜‚ https://t.co/RvmqYeGZlU",1,N,0,,,,,,,,,,
Sometime you gotta watch and observe itâ€™s a mind game ğŸ¤²ğŸ’¯â—ï¸,1,O,1,,,,,,,,,,
I been down unfortunately Nd lost loved ones that shit torture meğŸ’¯,1,O,1,,,,,,,,,,
if youâ€™re sad rn just remember.. pain is temporary. swag is forever ğŸ’¯,1,O,1,,,,,,,,,,
"ğŸ¾3. Just to avoid any misunpawrstanding, our outloook on life is ğŸ’¯ purrcent #science based. But there are some rare instances where a bit of sage can go a long way to clear purrsistant stenches which would otherwise hurt our little noses. ğŸ––",0,O,1,,,,,,,,,,
Milli make me wanna be in Miami ğŸ’¯,1,O,1,,,,,,,,,,
A female suppose to be an investment never a bill ğŸ’¯,1,O,1,,,,,,,,,,
"Some thoughts on the @shoutoutso_â€™s 2021 vision ğŸ‘‡ğŸ¼

PS: Phase 2&amp;3 will drop your jaws ğŸ’¯ https://t.co/Dws5i9Gmiv",1,O,1,,,,,,,,,,
Canâ€™t wait around I need me second job ğŸ’¯,1,O,1,,,,,,,,,,
just realized that i've been unknowingly participating in intermittent fasting due to the pandemic and my depression joining forces... health queens stay winning ğŸ˜ŒğŸ˜¤ğŸ’¯,1,O,1,,,,,,,,,,
"Things I am going to force myself to do this year to better myself....

Eat healthier
Exercise more
Build new relationships
Rekindle lost friendships
Be a better human being

I need to improve my mental health and set aside my pride. Do better and be better. #StayHumbleğŸ’¯",1,O,1,,,,,,,,,,
Pretty had me giving more than I was giving ğŸ’¯ğŸ–¤,0,N,0,,,,,,,,,,
"Multiple stream of income? Yasssssss! 

If you love me; please plug me to ""Online/Virtual gigs (PA; SM handler; anything Virtual). 

I'm ğŸ’¯ efficient and also a fast learner",0,O,1,,,,,,,,,,
â€œDesignating domestic terrorism as a federal crime would provide federal departments and agencies with more tools and resources to combat the threat.â€ ğŸ’¯ https://t.co/uy1s2mnUOB,1,O,1,,,,,,,,,,
Iâ€™ve been down unfortunately she was so mad at me ainâ€™t see it now I feel like I lost ha ğŸ’¯,1,O,1,,,,,,,,,,
"Sometimes, to love someone you gotta be a stranger ğŸ’¯",1,O,1,,,,,,,,,,
Totally agree but we canâ€™t give this too much attention because when a man goes through similar situations the women donâ€™t give a damnğŸ¤·ğŸ¾â€â™‚ï¸ğŸ¤”ğŸ’¯ https://t.co/AsJXwRNnD3,1,O,1,,,,,,,,,,
Acabo de terminarme Prison Break ğŸ¤©ğŸ¤©ğŸ¤©ğŸ¤©ğŸ¤©ğŸ¤©ğŸ¤©ğŸ¤©ğŸ¤© 10/10 ğŸ’¯,0,F,0,,,,,,,,,,
The Byakuya fit ğŸ”¥ ğŸ’¯ https://t.co/gaVyDxMel6,0,N,0,,,,,,,,,,
Soaking isn't just for old people or women lol... That shit is to stay forever young ğŸ˜‚ğŸ˜‚ğŸ˜‚ğŸ™ŒğŸ¾ğŸ’¯ nothing like it,1,O,1,,,,,,,,,,
Before some idiotic Brings up Matthew Stafford to Dallas itâ€™s not going to happen because  DAK Prescott is our quarterback  ğŸ’¯      So keep your hate &amp; Opinions to yourself because we already  A   franchise QB who is  going to led this team to A Super Bowl https://t.co/ymSmebzv9P,1,O,1,,,,,,,,,,
She slime ğŸğŸ’¯ https://t.co/pjKTAGb5cu,1,O,1,,,,,,,,,,
Might make a girl Bernie-bro out of me! ğŸ’¯âœŠğŸ¾ğŸ’œ https://t.co/dN3krwcJ8t,1,N,0,,,,,,,,,,
One of the best locks on the game hands down.  ğŸ’¯ğŸ™ŒğŸ» https://t.co/k4IzJYholU,1,O,1,,,,,,,,,,
School teaches you how to be programmed ğŸ’¯,1,O,1,,,,,,,,,,
"If you quit once, it becomes a habit ğŸ’¯

#successmindset #motivation",1,O,1,,,,,,,,,,
ğŸ‘ğŸ¾ğŸ’–ğŸ’¯ Nothing better then a Black WomenğŸ’¯ https://t.co/Nmev4fqJ2n,1,O,1,,,,,,,,,,
Finally got to meet @AngelGomez143 today! Thank you for stopping by and showing DT love! Learned so much today! You truly are about YOUR PEOPLE! 2021 isnâ€™t ready for whatâ€™s to come ğŸ“ˆğŸ’ªğŸ¼ğŸ’¯ #RawBash #WCC #MidwestThing @neilhorrell @AngelGomez143 @RJGomezIII @SamSindha @JonFreier https://t.co/A6K94QQNyS,1,O,1,,,,,,,,,,
Iâ€™d give it all back rn just to see you smile. ğŸ’¯ Iâ€™ll give my hoes back on slimeğŸ’š juhh to hea Yhu nowğŸš¶ğŸ½â€â™‚ï¸,1,O,1,,,,,,,,,,
Sixowe crxp if i meet a Bitchk i like and i can see you whenever i want to imma bk loyal ğŸ’¯âŒğŸ§¢,1,N,0,,,,,,,,,,
all men do is lie ğŸ’¯,1,O,1,EXAMPLE,,,,,,,,,
my biggest flex is my bsf is so pretty and every guy has a crush on her but she likes me ğŸ˜‚ğŸ’¯,1,O,1,,,,,,,,,,
as a young lady i have such a high standers when it comes to relationship ğŸ“Œand who i dateğŸ’¯ first of all iâ€™m not dating nobody who doesnâ€™t want a relationship with GodğŸ¤¦ğŸ¾â€â™€ï¸secondly that easy success n greed for money/ wanting to be rich n me ainâ€™t working together thatâ€™s it.,1,O,1,,,,,,,,,,
"ğŸŒŸ â“…â“„â’¼â“„â’½â“Šâ’· ğŸŒŸ
âœ¨ (Boosted) Roselia â™€ï¸ (26:42)
MOVES: Razor Leaf / Sludge Bomb
IV: ğŸ’¯ (15/15/15) CP: 908 LVL: 17
ğŸ‡¨ğŸ‡¦ Pointe-Calumet, Canada
45.473079,-73.929279
#ShinyCheck - more coords &gt;&gt; @pogohubofficial",0,N,0,,,,,,,,,,
Was doing the same thing back during the  IC days  it ainâ€™t nothing new. Happy for you bro @DallasBailey9 ğŸ’ªğŸ¿ğŸ’¯ https://t.co/dr3GZ9ZydS,1,O,1,,,,,,,,,,
"Tell Yb pay ah nigga ah visit, he n my state as we speak ! ğŸ’¯ğŸŒ¬ https://t.co/2JBePxwrqm",1,F,1,,,,,,,,,,
I FOUND HIS INSTAGRAM AND HE FOLLOWED ME BACK ğŸ˜¹ğŸ˜¹ğŸ˜¹ğŸ˜¹ğŸ˜¹ğŸ˜¹ğŸ˜¹ğŸ˜¹ğŸ’¯ğŸ’¯ğŸ’¯ğŸ’¯ğŸ’¯ğŸ’¯ğŸ’¯ğŸ’¯ğŸ’¯ğŸ’¯ğŸ’¯ğŸ’¯ğŸ’¯ğŸ’¯ğŸ’¯ğŸ’¯ğŸ’¯ğŸ’¯ https://t.co/equ9mpU90L,0,F,0,,,,,,,,,,
CRYING RN! THAT'S MY LITTLE BIG BROTHA!! ğŸ’¯ğŸğŸ¤‘ https://t.co/77cInvdWVo,1,N,0,,,,,,,,,,
"Buenas noches amigos, les presento mi mejor partida de brawl, escrÃ­banme al dm para darles consejos de como jugar asÃ­ de pro ğŸ˜ğŸ‘ğŸ’¯ https://t.co/R9JAK4yazJ",0,N,0,,,,,,,,,,
"Enisa X Davido ""Love cycle remix""ğŸ”¥
Are you ready??!!ğŸ™Œ
I can feel the heat already ğŸ’¯",0,N,0,,,,,,,,,,
Knowledge is a fertile to your wealthğŸ’¯ gotta be prepared for it when it come.,1,O,1,,,,,,,,,,
Baddest biddy in my block ğŸ’¯ğŸ—£,1,O,1,,,,,,,,,,
"Estoy viendo que eso depende del fabricante .
Hay que analizar muy bien y encontrar la que nos brinde ğŸ’¯% de seguridad. https://t.co/6PkQSjv7jg",0,O,1,,,,,,,,,,
"Hay cosas q simplemente salen...  q no se pueden fingir... 

#CanYamanCePostaPerTe
ğŸ’¯%#CanYaman https://t.co/tuorhiguNX",0,O,1,,,,,,,,,,
"U DONâ€™T KNOW NOTHING ABOUT THIS #offwhite #NIKE #chicagos #og #jordan1 #dvincycustom #mibrother  #compadres  ğŸ’¯ğŸ™ğŸ½â¤ï¸ğŸ’¯ @ Christian Hill Reservoir, Lowell https://t.co/GGkp2gQxJv",1,O,1,,,,,,,,,,
Like Referee blow the whistle and put it on for my money team ğŸ’¯,0,N,0,,,,,,,,,,
"Final | Everyone scores for your Firestorm while hitting the century mark ğŸ’¯ 

#RollStorm ğŸ”¥ https://t.co/e5fsR2oinG",0,N,0,,,,,,,,,,
ğŸ’¯ğŸ‘ğŸ½ https://t.co/OmipwmlaYh,0,N,0,,,1,,,,,,,
Funky as usual ğŸ’¯ğŸ˜ https://t.co/pybYpPgi4w,1,O,1,,,,,,,,,,
Ese niÃ±o tiene potencial ğŸ’¯ğŸ’¯ https://t.co/ltGUNZQaDj,1,O,1,,,,,,,,,,
"Feliz cumpleaÃ±os @Roy_Guerrero que lo disfrutes al ğŸ’¯ en compaÃ±Ã­a de tu hermosa familia, te mando un abrazo.",0,O,1,,,,,,,,,,
I got to pray harder. ğŸ’¯,1,O,`,,,,,,,,,,
"10 track drum quantize âŒ
10 track guitar quantize âŒ
2 track bass quantize âŒ
24 track vocal quantize plus tuning ğŸ’¯",0,N,0,,,,,,,,,,
Da Day We Get A Wingstop In South Bend Its Foreva BussinğŸ˜‚ğŸ’¯ straight #GoooğŸš¦,1,O,1,,,,,,,,,,
"ä»Šæ—¥ã®éººæ´»ğŸœå¤ªç™½åŒºå¯Œæ²¢

ğŸå¤ªå¹³æ¥½ å¯Œæ²¢åº—ğŸ

ã€æœãƒ©ãƒ¼ä¸­(ç´°éºº)ã€‘
+ãƒ©ã‚¤ã‚¹+æ¸©ç‰

ä»Šå¹´åˆã®å¤ªå¹³æ¥½(å¯Œæ²¢åº—)ã•ã‚“ã¸

æœã‹ã‚‰æº€å“¡å¾¡ç¤¼çŠ¶æ…‹!!( ; ï¾›)ï¾Ÿ ï¾Ÿ
ãŸã ä¼šè©±ãªã„ã—
ãƒ‘ãƒãƒ«ã‚‚ã—ã£ã‹ã‚Šè¨­ç½®ã§å®‰å¿ƒğŸ‘
ãƒ©ãƒ¼ãƒ¡ãƒ³ã‚‚å®‰å¿ƒå®‰å®šã®
ã‚·ãƒ³ãƒ—ãƒ«ã‚¤ã‚ºãƒ™ã‚¹ãƒˆçš„ç¾å‘³ã•ğŸ’¯
ã€†ã¯TKGé¢¨èŒ¶æ¼¬ã‘ğŸ˜‹ğŸ’¨

ä»Šå¹´ã‚‚å®œã—ããŠé¡˜ã„ã—ã¾ã™ğŸ™‡â€â™‚ï¸ https://t.co/KmFBijVhlw",0,N,0,,,,,,,,,,
Spot on ğŸ’¯ https://t.co/HpEcPohZUb,1,O,1,,,,,,,,,,
"1/24â™¡ ä»Šæ—¥ã¯ã‚¸ãƒŸãƒ³ãŒåˆã‚ã¦Twitterã§æŒ¨æ‹¶ã—ã¦ãã‚ŒãŸæ—¥ãªã‚“ã ã­
ã“ã‚Œã‹ã‚‰æƒ³ã„å‡ºä½œã£ã¦è¡Œãã‹ã‚‰ã­â¤ï¸

#ThankYouJimin #JIMIN
#AlwaysWithJimin
@BTS_twt 
 
ë‚´ ì•ì— ë‚˜íƒ€ë‚˜ì¤˜ì„œ ê³ ë§ˆì›Œ ì§€ë¯¼ì•„
ë¶€ì€Â ëˆˆë„ ë¶€ë¥´ë£¬ì…ìˆ ë„ ë‚´ ì·¨í–¥ì´ì– 
ğŸ‘ğŸ’¯ğŸ’• https://t.co/fwFzB6Z0TE",0,N,O,,,,,,,,,,
Once you get the right one itâ€™s like nobody else matter ğŸ’¯,1,O,1,,,,,,,,,,
"â”â”â”â”â”â”â”â”â”
     ğŸ’™ *_TEAMâ“‚YSTiCğŸ’™ARG_*ğŸ’™
                â”â”â”â”â”â”â”â”â”

  âœ¨ ğŸ¦ *GROUDON* ğŸ¦âœ¨

       *POTENCIADO/BOOSTED*

      ğŸ’¯=  2ï¸âƒ£9ï¸âƒ£3ï¸âƒ£9ï¸âƒ£

*GYM 1: JUEGOS DE PLAZA*

*ğŸ‡¦ğŸ‡· GYM EX* ğŸ‡¦ğŸ‡·

â³ *_2da Ronda_: 21:05 // XX:05*

*CC GYM:*
-34.544187,-58.476998
#ExPassGym",0,N,0,,,,,,,,,,
Life is better with weed. ğŸ’¯ğŸ˜‚ğŸ˜‚ https://t.co/MdeRmIaoAQ,1,O,1,EXAMPLE,,,,,,,,,
"yandel siempre se preocupa por mi bendito, el pri ğŸ’¯ğŸ‘©ğŸ»â€ğŸ¤â€ğŸ‘¨ğŸ¾â£ï¸",1,O,1,,,,,,,,,,
"space for things to unfold naturally. Your time is coming!! Believe that. ğŸ™ŒğŸ½ğŸ’¯ -Major shifts are taking place this weekend, make sure to ground yourself, stay hydrated. Iâ€™m  sending all my love &amp; energy to each &amp; every one of you! Weâ€™ve got this, we are going to make it! ğŸ¤âœ¨ğŸ•Š",1,O,1,,,,,,,,,,
Live your life for you and yours.  ğŸ’¯,1,N,0,,,,,,,,,,
these hoes really be slimey ğŸ’¯,1,O,1,,,,,,,,,,
Esta es una super imagen. De lo que las mujeres somos capaces de alcanzar!â¤ğŸ‘ ğŸ’¯ https://t.co/oo7vgNrRc0,1,O,1,,,,,,,,,,
MÃ³ bailÃ£o Snrz ğŸš©ğŸ’¯â¤ï¸ğŸ¥³ğŸ¥³ https://t.co/eZc681v8yg,0,N,0,,,,,,,,,,
ğŸ’¯ğŸ’¯ https://t.co/NCVjy7u531,0,N,0,,,1,,,,,,,
I don't judge nobody cause I know pain can turn a angel into a demonğŸ’¯,1,O,1,EXAMPLE,,,,,,,,,
ğŸ’¯ğŸ‘ğŸ» https://t.co/P0MPSy3ELE,0,N,0,,,1,,,,,,,
Hope @TOPBIZZY comes with an @Iam_AWard angle ğŸ’¯,0,N,0,,,,,,,,,,
Sunday morning ğŸ’¯,0,N,0,,,,,,,,,,
Capones ğŸ’¯.,0,N,0,,,,,,,,,,
so righteous ğŸ’¯ https://t.co/KPGzclBjYD,0,N,0,,,,,,,,,,
"âœ¨ Chespin âœ¨ â™‚ï¸
IV: ğŸ’¯ ( 15/15/15 ) CP: 1018 LVL: 35
Dsp IN: (19:29)
40.224301,-75.254241
#PogoConnection",0,N,0,,,,,,,,,,
"âœ¨ Roselia âœ¨ â™€ï¸
IV: ğŸ’¯ ( 15/15/15 ) CP: 1656 LVL: 32
Dsp IN: (19:11)
57.648342,11.894103
#PogoConnection",0,N,0,,,,,,,,,,
No Cap ğŸ’¯ğŸ’¯ğŸ’¯ https://t.co/25GMuotBUw,1,N,0,,,,,,,,,,
Iâ€™ll be your babydoll ğŸ‘¶ğŸ»ğŸš¼ğŸ¥ºand your bodyguard ğŸ§ğŸ»ğŸ˜¤ğŸ›‚ if you tell me to ğŸ’¯ğŸ’¯ğŸ¤ª,0,N,0,,,,,,,,,,
Activa ğŸ’¯#23ETriunfoDelPueblo,0,N,0,,,,,,,,,,
ğŸ’¯ https://t.co/jR4wYIgXk1,0,N,0,,,1,,,,,,,
"Every time two people get into it, one person always want to say â€œthey was right about youâ€. Baby I donâ€™t give an entire fuckğŸ¥´ğŸ¤§ğŸ¤£ğŸ’¯",1,O,1,,,,,,,,,,
ğŸ’¯ https://t.co/IHrqKkIRyb,0,N,0,,,1,,,,,,,
You ainâ€™t ever pose to do that ğŸ’¯ like they going appreciate it ğŸ˜­ https://t.co/WravtTZpRQ,1,O,1,,,,,,,,,,
Some of us never found time to be happy we was too busy tryna be strong ğŸ’¯,1,O,1,,,,,,,,,,
#BerniesAngels ğŸ‘‡ğŸ¼ğŸ’™ğŸ˜‡ğŸ’¯ğŸ‡ºğŸ‡¸ https://t.co/T4io7LilKc,0,N,0,,,,,,,,,,
"ğŸŒŸ â“…â“„â’¼â“„â’½â“Šâ’· ğŸŒŸ
âœ¨ (Boosted) Roselia â™€ï¸ (19:54)
MOVES: Razor Leaf / Sludge Bomb
IV: ğŸ’¯ (15/15/15) CP: 1656 LVL: 32
ğŸ‡¸ğŸ‡ª Majorna, Sweden
57.648342,11.894103
#ShinyCheck - follow us see pined link",0,N,0,,,,,,,,,,
"Let's do thisğŸ¤™
Early prelims soonğŸ’¯
#UFC257 https://t.co/Z4pheNTWIn",1,F,0,,,,,,,,,,
Idc what yâ€™all say. This kit is fly af and I already have the 95 air max to match it. I will be copping it. ğŸ’¯ğŸš«ğŸ§¢ https://t.co/6H4imLqzyj,1,O,1,,,,,,,,,,
Facts ğŸ’¯ https://t.co/SNx7Dppazm,1,N,0,,,,,,,,,,
"I love being in love, but The kind of love that I offer I cant &amp;&amp; wont just give to anybodyğŸ’¯",1,O,1,,,,,,,,,,
Facts ğŸ’¯ https://t.co/26JORTRXbu,1,N,0,,,,,,,,,,
"i just combed the wikipedia page of Aileen Wuornos(itâ€™s not a lot) and wow, that woman was definitely crazy. best last words ever ğŸ’¯",1,O,1,,,,,,,,,,
Best believe I donâ€™t care ğŸ’¯,1,O,1,,,,,,,,,,
ğŸ¤¦ğŸ»â€â™‚ï¸ğŸ’¯ https://t.co/YmDm4NM7IM,0,N,0,,,1,,,,,,,
i wonâ€™t be happy again until im in new york againğŸ’¯ğŸ¥º,1,O,1,,,,,,,,,,
Hustle hard for u to achieve ur goals ğŸ’¯ ğŸ’¯ ğŸ’¯,1,O,1,,,,,,,,,,
Loyalty is for free ğŸ’¯,1,O,1,,,,,,,,,,
If brownskin women are not being OVERLY SEXUALIZED then we are being told we arenâ€™t accepted because of some made up reason ! Like yâ€™all just donâ€™t wanna see us winğŸ˜‚â€¼ï¸ pathetic. Imma speak up! Bump that staying quiet ishhhâ€¼ï¸ğŸš«ğŸ’¯,1,O,1,,,,,,,,,,
ğŸ’¯ğŸ’¯ https://t.co/PzZe6RgBvC,0,N,0,,,1,,,,,,,
Banger  ğŸ’¯ #LosDioses https://t.co/84f5CeHFst,0,N,0,,,,,,,,,,
"Whatever you sew, you will reap ğŸ’¯",1,O,1,,,,,,,,,,
actually... WE ARE GOING TO CHANGE THE WORLD!ğŸ’¯ https://t.co/5OnSnsQxey,1,O,1,,,,,,,,,,
ğŸ’¯â¤ï¸ https://t.co/uCjeqsZF09,0,N,0,,,1,,,,,,,
"ğŸ’¯
#AcquitKyleRittenhouse #FreeKyleUSA #SelfDefense #FightBack #LockUpGaigeGrosskreutz 
#TeamRittenhouse https://t.co/mUnfZWy48R",1,O,1,,,,,,,,,,
Lmaoooo ğŸ’¯ shit wicked this season fr but them still my boys ğŸ’™ https://t.co/GLf18QH3JA,1,O,1,,,,,,,,,,
Maybe her election should be investigatedâ‰ï¸ğŸ’¯ https://t.co/j7kDLJMcQc,1,O,1,,,,,,,,,,
ğŸ‘€ğŸ˜¬ğŸ¤«ğŸ’¯ğŸ’¯ https://t.co/ffaD4SNsAm,0,N,0,,,,,,,,,,
ğŸ’¯ğŸ’¯ğŸ’¯ https://t.co/5SWr4blcTN,0,N,0,,,1,,,,,,,
â¤ï¸ğŸ˜›ğŸ˜›ğŸ¤¤ğŸ¤¤â™¨ï¸ğŸ”¥ğŸ’¦ğŸ’¦ğŸ’¦ ğŸ’¯ Pure Sex !!! https://t.co/5H8Gcz1Gh6,0,N,0,,,,,,,,,,
â€œhaps broâ€ more like who gave you speaking privileges and why amirite ğŸ’¯ğŸ’¯,1,N,0,,,,,,,,,,
"51.50388, -0.01654
Nincada ğŸ’¯cp483 #ShinyCheck",0,N,0,,,,,,,,,,
ğŸ’¯ omg heâ€™s so inappropriate ğŸ¤« https://t.co/LhTzuXqsk4,1,O,1,,,,,,,,,,
This Energyyy ğŸ’¯ https://t.co/wPUvQDD6mH,1,N,0,,,,,,,,,,
BEEN A FAN OF G GERBO SINCE LIL HERB ğŸ¤·ğŸ¾â€â™‚ï¸ğŸ’¯ https://t.co/ZeTlG7zBrF,1,O,1,,,,,,,,,,
"ğŸ”ºğŸ˜· OJO | Esto le he dicho ğŸ’¯s  de veces y que digan si no es cierto:

â€œUnÃ¡monos,

Âº  Luego votamos por un@ sol@ y

Âº  decidimos entre nosotros.â€

PerdÃ­  +de 200 â€œhatersâ€, que para mÃ­ es un montÃ³n. Cada persona valios@ montÃ³ su tienda aparte.â›ºï¸â›ºï¸  Igual , ya pasÃ³ la oportunidad. https://t.co/O0JxfmHKeY",0,O,1,,,,,,,,,,
Excelente â¬‡ï¸â¬‡ï¸â¬‡ï¸ @Padrino50leyes â¤ï¸ğŸ’¯ğŸ’¥ https://t.co/yJq8QNtxiV,0,N,0,,,,,,,,,,
ğŸ’¯ https://t.co/70fkfKiiNL,0,N,0,,,1,,,,,,,
ğŸ˜‚ğŸ’¯ https://t.co/1wdSEOKG6P,0,N,0,,,1,,,,,,,
i literqlly text my irls w these emojis ğŸ¤ºğŸŒğŸ»ğŸ˜£ğŸ’¯ğŸ’”ğŸ™„ if they canâ€™t figure out i do it ironically thats on them,0,N,0,,,,,,,,,,
Solid na solid ganap kagabiğŸ’¯,1,O,1,,,,,,,,,,
"âœ¨ Nosepass âœ¨ â™‚ï¸
IV: ğŸ’¯ ( 15/15/15 ) CP: 866 LVL: 31
Dsp IN: (30:23)
9.914810,-84.090353
#PogoConnection",0,N,0,,,,,,,,,,
ğŸ’¯ https://t.co/9fXABrKmnA,0,N,0,,,1,,,,,,,
Forever sucka freeğŸ’¯,1,O,1,,,,,,,,,,
Facts ğŸ’¯ğŸ˜‚ https://t.co/M6bnqsnLri,1,N,0,,,,,,,,,,
ğŸ’¯ canâ€™t go https://t.co/4pJ0CMaRGG,0,N,0,,,,,,,,,,
ğŸ—£Say DatğŸ’¯ğŸ¤ğŸ¾ğŸ–¤ https://t.co/wxJYAahY7x,1,N,0,,,,,,,,,,
all the mfs i looked out for if i ever needed you i hope you there for me ğŸ’¯,1,O,1,,,,,,,,,,
Free Yot ğŸ’¯ https://t.co/0BkIPG66fa,1,O,1,,,,,,,,,,
"ğŸŒŸ â“…â“„â’¼â“„â’½â“Šâ’· ğŸŒŸ
âœ¨ (Boosted) Roselia â™‚ï¸ (27:41)
MOVES: Razor Leaf / Sludge Bomb
IV: ğŸ’¯ (15/15/15) CP: 534 LVL: 10
ğŸ‡ºğŸ‡¸ Warner Robins, United States
32.634572,-83.651592
#ShinyCheck - follow us see pined link",0,N,0,,,,,,,,,,
THIS ğŸ˜©ğŸ™ŒğŸ¼ğŸ’¯â¤ï¸â¤ï¸â¤ï¸ https://t.co/fxzgLUGze8,1,N,0,,,,,,,,,,
ğŸ’¯ https://t.co/dfz7OdZGjy,0,N,0,,,1,,,,,,,
"It's just the 23rd day of the New Year and Mingyu decides to ruin my sanity already ğŸ’¥ğŸ’¯
Not at all complaining though https://t.co/5TvmsaUB7e",1,O,1,,,,,,,,,,
ğŸ’¯ğŸ’¯ğŸ’¯ https://t.co/1dnH7TPGI7,0,N,0,,,1,,,,,,,
ğŸ’¯ https://t.co/ReggL6qVbj,0,N,0,,,1,,,,,,,
and gone forever beğŸ’¯ https://t.co/9gcPSAiLWU,0,N,0,,,,,,,,,,
ğŸ’¯ https://t.co/KWggEDDbtW,0,N,0,,,1,,,,,,,
ğŸ’¯ğŸ’¯ğŸ’¯ğŸ’¯ https://t.co/UvsqZ7haHv,0,N,0,,,1,,,,,,,
Next winter itâ€™s 3 piece suits n suspenders ğŸ’¯,1,N,0,,,,,,,,,,
"Someone just supported @VLifeParanormal on @buymeacoffee! ğŸ‰ 

Thank you so much ğŸ˜­ğŸ˜­ğŸ˜­ğŸ’¯ğŸ’¯ğŸ’¯ğŸ™ğŸ¼ğŸ™ğŸ¼!!!

@VLifeParanormal is A Paranormal Podcast. You can support by buying a coffee â˜•ï¸ here â€” https://t.co/qGrMYCC74v",0,N,0,,,,,,,,,,
Definetly KendrickğŸ’¯ https://t.co/2cwdGVKfAw,1,N,0,,,,,,,,,,
quisiera ser drip goku ğŸ’¯,1,O,1,,,,,,,,,,
ğŸ’¯ğŸ’¯ https://t.co/wpBhThRjCk,0,N,0,,,1,,,,,,,
The Goat ğŸ is trending. Letâ€™s go!ğŸ”¥ğŸ’¯ https://t.co/wyoLecZsIt,1,O,1,,,,,,,,,,
On the bench. âœŒï¸ğŸ’¯ https://t.co/qIIYQRRPNs,0,N,0,,,,,,,,,,
"âœ¨ Mudkip âœ¨ â™‚ï¸
IV: ğŸ’¯ ( 15/15/15 ) CP: 967 LVL: 30
Dsp IN: (10:06)
22.300531,114.175379
#PogoConnection",0,N,0,,,,,,,,,,
Kevin Porter in Houston tuffğŸ’¯,1,O,1,EXAMPLE,,,,,,,,,
"SafÃ¡ri do Mickey,Dia corrido,mais graÃ§as a Deus tudo ok ğŸ™Œ
ğŸ’¯ğŸ’¥ğŸ’• https://t.co/wiYRBZ5yGY",1,N,0,,,,,,,,,,
"ğŸš¨#NewMusicAlert He just keeps cranking them out!! Excited for more new #countrymusic from @robcmayes Go check out his brand new album out now, https://t.co/vD5kCyIJJd ğŸ’¯ğŸ¤ğŸ¶ https://t.co/ThaPN0e1wZ",0,N,0,,,,,,,,,,
ğŸ¥ğŸšğŸ”¥ÎƒğŸ˜„Ì„ÍğŸˆ·ğŸ‡ªÊ€ÌÃğŸ”¸Ã‘È°ğŸ™‹ğŸŒÌğŸ”¶ÊË™â‰ğŸ©ğŸ‘²Èâœ‚9âƒ£Ì˜ğŸŸÊŠâ†—ğŸ‘³ğŸ’­ğŸ‘´Èâ˜Ê“ÎŠÌ•Î’ğŸ’È›â›…Î¬É€ÍğŸ’»ÃªÎ«ğŸ Ê’ğŸ•¤Ì˜Í·É¾È–ÎğŸ”§ğŸ˜’È¿ğŸ²È¼â«ğŸ³ÊµÊ¼âªÊˆğŸ™€ğŸŒ»Ï©È”ğŸ”€Ì£â“ğŸ†“ğŸ‡°ÏŠË•ğŸ™…ÎƒÍ°Ê»Â·ğŸ˜€ğŸ’¶Ë‰ğŸŒ´È»È¼ğŸ¦ğŸ“¡Ë ğŸ”ğŸ˜†ğŸ’†fğŸ–Ã¡ğŸ˜¿ÍÍ§È˜%ğŸš‘É›ğŸDâ™ŒÌâ—ğŸ¢É½â—€ğŸ°ğŸˆ´ğŸ˜¼ğŸ‹ğŸ”¯âšªÈ½ğŸ”ŠğŸ˜·Ï´ÂµâœğŸ‘Î¦ğŸ“›È’Î¾ğŸ’¯Ë¹â¬‡ğŸ’˜Â§Ã¼ğŸ• 6âƒ£É«âœˆË‚ğŸ³ğŸ˜â­ÌºğŸ„ğŸ˜›ÎˆğŸ‡¨É¡ğŸ”ªğŸš,0,N,0,,,,,,,,,,
ğŸ’¯ https://t.co/VpB6VrsoyK,0,N,0,,,1,,,,,,,
"This Clip so damn funny from the movie â€œBe Coolâ€ with @CedEntertainer  ğŸ˜‚ğŸ˜‚ğŸ˜‚ğŸ˜‚ğŸ˜‚ğŸ˜‚

But it also sums up how BLACKS  influenced and shaped America with rich history with our cultural influence ğŸ’¯ğŸ’¯ https://t.co/SjpMA8U1Z6",1,O,1,,,,,,,,,,
ğŸ’¯ğŸ”¥ https://t.co/CPNOfdwbj9,0,N,0,,,1,,,,,,,
All I want is a family ğŸ’¯,1,O,1,,,,,,,,,,
"Mi bro @DanielAraujoRD, usted es duro en lo suyo... Ufffff, aprendiendo de ti manin. ğŸ’¯ğŸ”¥",1,O,1,,,,,,,,,,
one of my nighas had me fucked up â€˜ ion gaf cus ALL yâ€™all ass fenna feel tsğŸ˜­ğŸ’¯,1,O,1,,,,,,,,,,
When You Going Through Real Life Shit All You Want Is A Solid Mf In Ya Corner ...ğŸ’¯,1,O,1,,,,,,,,,,
"https://t.co/UlATQv6vq2 check him out, he's really good ğŸ’¯ ğŸ¶ â˜‘ï¸ https://t.co/ig9Q2ExFSR",1,O,1,,,,,,,,,,
itâ€™s refreshing when a man see value and appreciate yo worth ğŸ’¯ğŸ’•,1,O,1,,,,,,,,,,
"SUNDAY SESSION TOMORROW ğŸˆâ€¼ï¸

Time : 11 am (noon for y'all ğŸ˜‚) 
Location : 55 N Tibbs 

Come late and get picked up ğŸ¤·ğŸ½â€â™‚ï¸
Let's get ACTIVE ğŸ’¯â™¥ï¸ğŸˆ
#LUV3",0,N,0,,,,,,,,,,
ğŸ’¯ de acuerdo con el top 5 ğŸ™ŒğŸ¼ğŸ™ŒğŸ¼ https://t.co/FWlBIQq8Ti,1,O,1,,,,,,,,,,
"ğŸ’¯Â©ï¸ en Leones, Cordoba, Argentina https://t.co/YmiYSMwG30",0,N,0,,,,,,,,,,
I Wonâ€™t Trip On ShitğŸ’¯,1,O,1,,,,,,,,,,
"Im really raw wit this graphic design shitğŸ’¯ğŸ’¯ğŸ’ªğŸ¿ 
Yall get at me fa yall covers n flyers https://t.co/12RrO4kHY3",1,O,1,,,,,,,,,,
Linda semana terminada tranqui ğŸ¤™ğŸ’¯,1,O,1,,,,,,,,,,
Built different ğŸ’¯ https://t.co/eJhsGFneEu,1,O,1,,,,,,,,,,
â™¥ï¸ğŸ’¯ https://t.co/z9Q4kBZW61,0,N,0,,,1,,,,,,,
"æœã”ã¯ã‚“ã€€ãˆã®ãã¨ãƒãƒ¼ã‚ºã‚’ç‚’ã‚ãŸã‚‰ãã¡ã‚ƒãã¡ã‚ƒã«ãªã£ã¡ã‚ƒã£ãŸã‘ã©ã‚«ãƒªã‚«ãƒªã§ãƒˆãƒ­ãƒˆãƒ­ğŸ™ˆãŠã„ã—ã„ğŸ’¯ğŸ’¯ğŸ’¯
æ´»å‹•çš„ãªï¼‘æ—¥ã«ã—ã‚ˆãƒ¼ã£ã¨ğŸ”¥ğŸŒˆ https://t.co/KluaEHhmjr",1,O,1,,,,,,,,,,
theyâ€™re very ugly ğŸ’¯,1,O,1,EXAMPLE,,,,,,,,,
Never dissedğŸ’¯ğŸ™ŒğŸ¾ https://t.co/lcrKZyetBy,0,N,0,,,,,,,,,,
"Yea ik but I wasn't tripping bruh, you should at least like the post, retweet it and show love tho that would be appreciate bro ğŸ’¯",0,N,0,,,,,,,,,,
God is goodğŸ™ğŸ’¯ https://t.co/IwhEyPI9a9,1,O,1,EXAMPLE,,,,,,,,,
Joel Embiid ğŸ’¯ https://t.co/Nz4waChghS,0,N,0,,,,,,,,,,
"Thankful for another offer from EU!!
Shot out to the coaching staff and players, I appreciate it.ğŸ’¯ğŸ’ªğŸ¼ğŸ’ªğŸ¼@CoachFlo_  @evangelfootball https://t.co/cIjUer1QIt",1,N,0,,,,,,,,,,
ğŸ’¯ https://t.co/6VskVRh0LB,0,N,0,,,1,,,,,,,
&gt;&gt;Knowing bout this shw ğŸ’¯ğŸ›,0,N,0,,,,,,,,,,
"-34.558483,-58.621761
#Beldum âœ¨ğŸ’¯ L23",0,N,0,,,,,,,,,,
Ima meet em one day before I dieğŸ’¯,0,N,0,,,,,,,,,,
Donâ€™t lie to me cus you canâ€™t get around that ğŸ’¯,1,O,1,,,,,,,,,,
ğŸ’¯ğŸ’¯ğŸ’¯ https://t.co/fVh8YqNGlR,0,N,0,,,1,,,,,,,
"ğŸŒŸ â“…â“„â’¼â“„â’½â“Šâ’· ğŸŒŸ
âœ¨ (Boosted) Baltoy (XL) (27:20)
MOVES: Confusion / Gyro Ball
IV: ğŸ’¯ (15/15/15) CP: 629 LVL: 28
ğŸ‡ºğŸ‡¸ Whittingham, United States
40.285626,-74.266854
#ShinyCheck - more coords &gt;&gt; @pogohubofficial",0,N,0,,,,,,,,,,
"ğŸŒŸ â“…â“„â’¼â“„â’½â“Šâ’· ğŸŒŸ
âœ¨ (Boosted) Roselia â™€ï¸ (26:42)
MOVES: Razor Leaf / Sludge Bomb
IV: ğŸ’¯ (15/15/15) CP: 908 LVL: 17
ğŸ‡¨ğŸ‡¦ Pointe-Calumet, Canada
45.473079,-73.929279
#ShinyCheck - follow us see pined link",0,N,0,,,,,,,,,,
"ğŸŒŸ â“…â“„â’¼â“„â’½â“Šâ’· ğŸŒŸ
âœ¨ Roselia â™€ï¸ (14:50)
MOVES: Poison Jab / Petal Blizzard
IV: ğŸ’¯ (15/15/15) CP: 139 LVL: 3
ğŸ‡«ğŸ‡· Le Mans, France
47.964941,0.225464
#ShinyCheck - more coords &gt;&gt; @pogohubofficial",0,N,0,,,,,,,,,,
Go check it out KARMAA site is on fire ğŸ”¥âœ”âœ…âœ”ğŸ’¯â™¨ğŸ‘‡ğŸ‘‡ğŸ‘‡ğŸ˜ğŸ˜ğŸ˜œğŸ˜›ğŸ˜ŠğŸ˜²â˜‡ https://t.co/avEKZgRHkp,0,N,0,,,,,,,,,,
Check out @â€‹URLTV on Caffeine! #caffeinetv https://t.co/IHdFbU3Pfo â¦@DNA_GTFOHâ© 21 #NWX ğŸ™…ğŸ¾â€â™‚ï¸ğŸ’¯,0,N,0,,,,,,,,,,
You only could spoon feed a wolf for so long until he bite you ğŸ’¯,1,O,1,,,,,,,,,,
Very Fine Artwork @JimCarrey ğŸ‘ğŸ¾ğŸ‘ğŸ‘ğŸ¾ğŸ‘ğŸ‘ğŸ¾ğŸ’¯â™¥ï¸ https://t.co/0hThHezZdy,1,O,1,,,,,,,,,,
WaoooğŸ¤¯ğŸ’¯â™¥ï¸ https://t.co/80q8AmqVl5,0,N,0,,,,,,,,,,
Mahal ko kayo skemily &amp; skemtonado.ğŸ’¯ğŸ¤—ğŸ’™ Super sarap mabuhay kapag kayo ang kasama.ğŸ’™ğŸ¤—,1,N,0,,,,,,,,,,
Driving lessons with dad is just ğŸ’¯,0,O,1,,,,,,,,,,
The support really motivate niccaz ğŸ’¯â€¼ï¸,1,O,1,,,,,,,,,,
$15/hr for a 40 hr week is $600 gross per week. We can go a step further and say that $2400/mo. That $2400/mo would help a majority of the working class get the leg-up weâ€™ve been needing ğŸ’¯ğŸ¤™ğŸ¾,1,O,1,,,,,,,,,,
ğŸ’¯ğŸ’¯ https://t.co/vyGrPm2tY8,0,N,0,,,1,,,,,,,
Mask update: Day 3 of ğŸ’¯ and I still don't wear a ğŸ˜·. 97 to go.,0,N,0,,,,,,,,,,
"âœ¨ Aron âœ¨ ğŸ’¯% xl boosted
CP: 1139 Level: 31
ğŸ‡¦ğŸ‡º docklands ğŸ‡¦ğŸ‡º
-37.817050,144.954860

#hundo #shundo
ğ™¿ğ™¾ğ™¶ğ™¾ğ™·ğš„ğ™±
For more ğŸ”¥ğŸ”¥ğŸ”¥ coords follow @pogohubofficial",0,N,0,,,,,,,,,,
I love this thread .. ğŸ’ğŸ’¯ğŸ¶ https://t.co/2SMTsipLuD,1,O,1,,,,,,,,,,
"Face your fears or youâ€™ll be stuck in the same place forever. Failure doesnâ€™t mean you lost, it just means you bossed up and tried something you were interested in. Keep trying... something will eventually fall into place ğŸ¤ğŸ¼ğŸ’¯ just donâ€™t give up!",1,O,1,,,,,,,,,,
ğŸ’¯ğŸ’¯ğŸ’¯ https://t.co/ztYEi4Zbiq,0,N,0,,,1,,,,,,,
ğŸ’¯ https://t.co/HSDWv2btlw,0,N,0,,,1,,,,,,,
BestğŸ’¯ğŸ˜† https://t.co/S1H8ZJX9gN,0,N,0,,,,,,,,,,
My girlfriend the best hands downâ¤ï¸ğŸ’¯,1,O,1,,,,,non-text quote tweets,,,,,
ğŸ’¯ğŸ’¯ https://t.co/28UEUduD5k,0,N,0,,,1,,28,,,,,
Don't let nobody who ain't been in your shoes tell you how to tie your lacesğŸ’¯,1,O,1,,,,,,,,,,
ğŸ’¯ğŸ‘‡ğŸ¾ https://t.co/wXveHf7ab5,0,N,0,,,1,,,HONESTY,ACCURACY,OCOUNT,FCOUNT,NCOUNT
Itâ€™s really crazy how much of a Leo I am like I will really leave yo ass alone and wonâ€™t gafğŸ’¯,1,O,1,,,,,N=276,165,147,147,8,121
"all y'all screaming and crying on the tl about your men cheating when i know jungkook would never do that to me, y'all be easy thoğŸ™ğŸ¾ğŸ’¯",1,O,0,,,,,,,,,,
Best advice I can give in a world where the whole population give the internet everything make your self exclusive and hard to reach plus be real and everybody you know period will be trying get in contact with you or just be around #RandomThoughts + #BigFactz ğŸ’¯ğŸ†˜,1,O,0,,,,,,,,,,
Dropping FridayğŸ‘€ğŸ’¯âœ¨ Know that gonna be a hot oneğŸ”¥ğŸ’¯ @lildurk https://t.co/UI9pVEEHes,1,O,0,,,,,,,,,,
"Its Combined instinct ,Training &amp; Learning ğŸ’¯",0,N,0,,,,,,,,,,
FACTS ğŸ’¯ https://t.co/RQwkdJsSj6,1,N,0,,,,,,,,,,
"My pride wonâ€™t let me hide my true feelings, I can only be real ğŸ’¯",1,O,0,,,,,,,,,,
actually she's girls who say bruh so bruh ğŸ’¯,0,N,0,,,,,,,,,,
Facts ğŸ’¯ https://t.co/OBtnq53VoG,1,N,0,,,,,,,,,,
"If you know, you know

Feisty ,lovable, Latinas ğŸ¥ŠğŸ’¯ğŸ’ƒğŸ½

ğŸ’‹ğŸ’‹ğŸ’‹ğŸ’‹ğŸ’‹ğŸ’‹ğŸ’‹ğŸ”¥ğŸ”¥ğŸ”¥ https://t.co/FS8k1n4W24",0,N,0,,,,,,,,,,
Facts ğŸ˜‚ğŸ’¯...but Get that Shmoney tho yall still Thotpockets thoğŸ˜­ğŸ’¯ https://t.co/tue7GKL5dd,1,O,0,,,,,,,,,,
She said Wha you know bout love... ğŸ–¤ğŸ’¯ https://t.co/qXiVviHNbZ,0,N,0,,,,,,,,,,
ğŸ“¹ Happy Godâ€™s Day @dirtyglove_rube we love you G âœŠğŸ¿ğŸ’¯ get done for mines ask around if you donâ€™t know ğŸ’ªğŸ¿ #gang #gmbz4ever @joyroadtone @staticgmb @that_is_gp #familygang #realfamily #solidfriends #buildingempiers #eateat #werundetroit #88.1... https://t.co/UeFqSZy5xt,1,O,0,,,HONESTY,ACCURACY,OCOUNT,FCOUNT,NCOUNT,,,
The 1/2 case (6 box lot) of 2020 Panini Contenders NFL Football is available for sale. Local pick up or shipped! ğŸ’¯ğŸˆ #Panini #NFL #Football #Hobbyboxes #ContendersFootball #MVPTradingCards https://t.co/0zxf4a5SZF,1,F,1,,N=13,9,1,6,1,6,,,
ğŸ’¯ #TaxationIsTheft https://t.co/eVN0oxRR96,1,O,0,,,,,,,,,,
"#BrasileirÃ£o ğŸ‡§ğŸ‡·

ğŸ†š| #SPFCxCFC 1-1

âš½ï¸| Luciano 
 
âš½ï¸| Sarrafiore 
â€”â€”
ğŸ“Š EstatÃ­sticas:

ğŸ“ˆ Posse: 64% - 36%
ğŸ‘Ÿ FinalizaÃ§Ãµes: 18 - 10
âœ… FinalizaÃ§Ãµes no gol: 6 - 3
ğŸ›  Grandes chances: 2 - 1
â˜‘ï¸ Passes certos: 573 - 280

ğŸ’¯Notas SofaScore ğŸ‘‡ https://t.co/QiqJwUttgn",0,N,0,,,,,,,,,,
I Ain't Got Nobody To Talk To But Myself About My Problems ğŸ¤·ğŸ½â€â™‚ï¸ğŸ’¯ğŸ’¯ğŸ’¯,1,N,0,,,,,,,,,,
This lil kid going places ğŸ’¯ ğŸ˜‚ https://t.co/NQdYikTpOe,1,O,0,,,,,,,,,,
Do we need a daily reminder of how cold Rock Lee really was ğŸ’¯ smh all he had to do was take off those ankle weights ğŸ˜‚ğŸ˜‚ğŸš«ğŸ§¢ https://t.co/0NVlpXRY8V,1,O,0,,,,,,,,,,
I see you!!  @Coach_CGreen ğŸ˜‰ğŸ”¥ğŸ’¯ https://t.co/fWXrIOpqEU,0,N,0,,,,,,,,,,
patada de trabuco golpe duroğŸ’¯ğŸ’¯,0,N,0,,,,,,,,,,
ğŸ’¯ğŸ’¯ğŸ’¯ğŸ’¯ https://t.co/F3LoVxdJt4,0,N,0,,,1,,,,,,,
"ğŸ†#LaLiga ğŸ’¯#animopues #100AnosGloriosos 
âš½ï¸ #AlavesRealMadrid 
â–¶ï¸ BIDEOA

ğŸ’¥Alavesen mendeurreneko ekitaldiak Real Madrilen aurkako partidan 

https://t.co/0ETE1GPUxj
#eitbkirolak",0,N,0,,,,,,,,,,
STICK to the planâœğŸ½ğŸ‘£ğŸ’µğŸ’° EVEN if the MF you planned it wit switched upğŸ­ğŸ’¯,0,N,0,,,,,,,,,,
Fight nights ğŸ‘ŠğŸ’¯ https://t.co/iQ3YNMoRu9,0,N,0,EXAMPLE,,,,,,,,,
KeyGlock Off the Porch will blow ya speakers. Helluva way to go out tho ğŸ’¯,1,O,0,,,,,,,,,,
do anything for Kebe ian have it an he gave it ğŸ’¯,0,N,0,,,,,,,,,,
Iâ€™m On Point Wonâ€™t Go For Nun ğŸ’¯,1,O,0,,,,,,,,,,
ğŸ’¯ğŸ“£ https://t.co/onnAqQU4jw,0,N,0,,,1,,,,,,,
ğŸ˜­ğŸ˜­ğŸ˜­ğŸ˜­ğŸ˜­ğŸ˜‚ğŸ˜‚ğŸ’¯ğŸ™ƒ https://t.co/lEoW9L7geo,0,N,0,,,1,,,,,,,
Al ğŸ’¯ y en movimiento Sergio Torres FÃ©lix sigue llevando apoyo a las familias https://t.co/t8xkfjOMB8,1,O,0,,,,,,,,,,
Morning sextersğŸ’¯â€¼ï¸ https://t.co/BI6256w27u,0,N,0,,,,,,,,,,
ğŸ’¯ğŸ’¯ğŸ’¯ https://t.co/TMfFvQNPmj,0,N,0,,,,,,,,,,
"Work on you, for you ğŸ’¯",1,O,0,,,,,,,,,,
People need to normalize getting tested fr ğŸ’¯,1,O,0,EXAMPLE,,,,,,,,,
Fuck everybody I canâ€™t trust nobody ğŸ’¯,1,O,0,,,,,,,,,,
If I be around you I really mess with you real asf to me ğŸ¤£ğŸ’•ğŸ’¯ğŸ’¯cause I cut everybody ass off this year ğŸ’¯ğŸ’¯.,1,O,0,,,,,,,,,,
I SEE OPPORTUNITY IMMA OPPORTUNIST ğŸ’¯ğŸ’¯ğŸ’¯,1,O,0,,,,,,,,,,
ğŸ’¯+9 ğŸ˜… https://t.co/ROShQ39VXL https://t.co/8B4VX1hcbs,0,N,0,,,1,,,,,,,
couple loses but im still winningğŸ’¯,1,O,0,,,,,,,,,,
Itâ€™s about finding purpose in your passion if you donâ€™t love what you do why are you doin itğŸ’¯,1,O,0,EXAMPLE,,,,,,,,,
"ã€æ‰‹æ‰“ ç„”ã€‘é»’ç£¯
ãƒãƒ£ãƒ¼ã‚·ãƒ¥ãƒ¼ãƒ¯ãƒ³ã‚¿ãƒ³ãƒ¡ãƒ³
è¨ªéººğŸœèŠ³é†‡ãªé¶æ²¹ç…Œã‚ãæ¸…æ¹¯soupï¼é‡åšã§æ·±ã¿ã‚ã‚‹é¶å‡ºæ±ã¨è–«é¦™ãªãƒãƒ£ãƒ¼ã‚·ãƒ¥ãƒ¼ã®é¦™ã‚Šâ€¦ã‚³ã‚¯æ·±ãçµ¶å¦™ãªé†¤æ²¹æ„Ÿã§ç‹¬å‰µæ€§ã‚ã‚‹å‘³ã‚ã„ã‚’ã‚‚ãŸã‚‰ã™ç ç‰ã®é€¸æ¯â™ªã‚ã£ã¡ã‚ƒã‚¦ãƒâ”€â”€ãƒƒ!!
èƒŒä¸­ãŒèªã‚‹æ‰‹æ‰“ã¡ã®é­‚å®¿ã‚‹ã‚¶ãƒ©å‡¹éºº&amp;çµ¶å“é›²å‘‘ã®èˆŒè§¦ã‚Šã¯å”¯ä¸€ç„¡äºŒğŸ¤©
è¶…çµ¶ç¾å‘³â€¼ï¸ğŸ™ğŸ’¥ğŸ’¯ https://t.co/ETBQ3Pv2nv",1,O,0,,,,,,,,,,
ğŸ’¯ https://t.co/G6G2ZQ4qUU,0,N,0,,,1,,,,,,,
Might be a lil nigga but I got these GROWN BITCHES flocking ğŸ’¯,1,O,0,,,,,,,,,,
2021 attitude ğŸ’¯ https://t.co/T2ADFxSRZ7,0,N,0,EXAMPLE,,,,,,,,,
"ãŠã¯ã‚ˆã†ã”ã–ã„ã¾ã™(âŠƒ`Ï‰Â´âŠ‚)âœ¨
ã¸ã‚¡ã‚¡â€¦â€¦ã‚ã¡ã‚ƒã‚“ã“å¯’ã„ğŸ’¦
ã„ã‚‹ã¾ã¡ã‚ƒã‚“ã¯ã“ã‚Œã‹ã‚‰
ãƒ˜ã‚¢ãƒ¡ã—ã¦ãã¾ã™ğŸ’—
ä»Šæ—¥ã‚‚ãŠä»•äº‹ã®çš†ã•ã‚“
èµ·ãã‚ŒãŸã ã‘ã§ãˆã‚‰ã„ã€œğŸ’®ğŸ’¯
ã†ã¾ãã„ããŠã¾ã˜ãªã„ã‚’
ã‹ã‘ã¦ãŠãã¾ã™ã­ã£
â˜†Â°ï½¡â‹†â¸œ(* à¥‘ê’³ à¥‘* )â¸ https://t.co/pwae6HX9Vl",0,N,0,,,,,,,,,,
"One of my happiest moments is having variety of snacks by my side at this time of the night while watching a movie ğŸ˜.
     Happiness ğŸ’¯",1,N,0,,,,,,,,,,
"ğŸ†#LaLiga ğŸ’¯#animopues #100AnosGloriosos 
âš½ï¸ #AlavesRealMadrid 
â–¶ï¸ VÃDEO

ğŸ’¥Actos del centenario del AlavÃ©s en el partido ante el Real Madrid 

https://t.co/uKsGnQ4X3e
#eitbkirolak",0,N,0,,,,,,,,,,
night stalker was terrible ğŸ’¯ğŸš®ğŸš®ğŸš®ğŸš®,1,O,0,,,,,,,,,,
Another day. Blessed fam. Smoke up ğŸ’¯,0,N,0,,,,,,,,,,
ğŸ’¯ https://t.co/PHnCsTDhtO,0,N,0,,,1,,,,,,,
Absolutely ğŸ’¯ğŸ™ŠğŸ™‰ğŸ™ˆ https://t.co/6DvxnyKkHJ,0,N,0,,,,,,,,,,
"ğŸŒŸ â“…â“„â’¼â“„â’½â“Šâ’· ğŸŒŸ
âœ¨ (Boosted) Roselia â™€ï¸ (19:54)
MOVES: Razor Leaf / Sludge Bomb
IV: ğŸ’¯ (15/15/15) CP: 1656 LVL: 32
ğŸ‡¸ğŸ‡ª Majorna, Sweden
57.648342,11.894103
#ShinyCheck - more coords &gt;&gt; @pogohubofficial",0,N,0,,,,,,,,,,
ğŸ’¯ https://t.co/kMPIEdzD3C,0,N,0,,,1,,,,,,,
ğŸ’¯ğŸ’¯ğŸ’¯ğŸ’¯ğŸ’¯ğŸ’¯ğŸ’¯ğŸ’¯ğŸ’¯ğŸ’¯ğŸ’¯ https://t.co/5p2Z56fHgM,0,N,0,,,1,,,,,,,
ãªã‚“ã§Typeã¯è‡ªåˆ†ã§1å›ãã‚Šã£ã¦è¨€ã£ãŸã‚ã¨ã‚»ãƒ•ãƒ¬ã£ã¦è¨€ã£ã¦æœ€çµ‚çš„ã«ä½•å›ã‚‚å—ã‘å…¥ã‚Œã¦ã‚‹ã®â€¦â€¦â€¦????ğŸ’¯ğŸ’¯,0,N,0,,,,,,,,,,
No puedo estar pasÃ¡ndola tan lindo!! â¤ï¸ğŸ˜ğŸ’¯,1,O,0,,,,,,,,,,
"Birliktelik Her zaman GÃ¼Ã§lÃ¼dÃ¼r.
UnutmayÄ±n SÃ¼rÃ¼den AyrÄ±lanÄ± Kurt  Kapar...ğŸ’¯ https://t.co/jDCb0GgkVN",1,O,0,,,,,,,,,,
ğŸ’¯ https://t.co/5PSAH6viwI,0,N,0,,,1,,,,,,,
im stupid ğŸ’¯,1,O,0,EXAMPLE,,,,,,,,,
Nothing but winners @OfficialWoodah proud of you brudda ğŸ’¯ https://t.co/fkvF9uuIMX,1,O,0,,,,,,,,,,
#Grateful ğŸ™ğŸ¼ğŸ’¯,1,N,0,,,,,,,,,,
"ğŸ’¯ ""As a country we must move toward what other countries are doing in making sure mothers are taken care of.""

https://t.co/KKU1MfPh0R",1,O,0,,,,,,,,,,
LawğŸ’¯ https://t.co/3HajksXnBt,0,N,0,,,,,,,,,,
Merecido @ClubDefensayJus ğŸ’ªğŸ»ğŸ’¯,0,N,0,,,,,,,,,,
Check out this highlight! Junior SeasonğŸ’¯ https://t.co/cvechH96wo,0,N,0,,,,,,,,,,
"A read... Earrings, this got real ğŸ’¯  MI Dems are lucky https://t.co/A7EejrLeEx",1,O,0,,,,,,,,,,
ğŸ’¯ğŸ’¯ https://t.co/01QDfBNCLg,0,N,0,,,1,,,,,,,
Gracias ğŸ’¯ https://t.co/cSLa0Ax23x,1,O,0,,,,,,,,,,
ğŸ‘‡ğŸ‘‡ğŸ‘‡ğŸ‘‡ğŸ’¯ğŸ’¯ğŸ’¯ğŸ’¯ğŸ’¯ https://t.co/DvCQ8y6ffJ,0,N,0,,,,,,,,,,
Watched it last night ğŸ’¯ https://t.co/8eS5rOifnj,1,F,0,EXAMPLE,,1,,,,,,,
"Eh odja nha amiga la.
ğŸ¤§ğŸ’¯ https://t.co/7ekILo2Jgj",1,N,0,,,,,,,,,,
Coffee ducks @Iam_AWard and gets booked on @urltv vs Top right after ğŸ¤£ Trash ğŸ’¯,1,O,0,,,,,,,,,,
New pants dropping tommorowğŸ’¯,1,F,0,EXAMPLE,,,,,,,,,
Your mind is a strong thingğŸ’¯,1,O,0,,,,,,,,,,
MGA GALAWAN TALAGA NG LABLABS KO OH! ğŸ¥ºğŸ’–ğŸ”¥ğŸ’¯ https://t.co/dxys8hfG2a,1,O,0,,,,,,,,,,
Don't settle for less ğŸ’¯ keep the crown on your head high ğŸ‘‘.,1,O,0,,,,,,,,,,
ì§ˆë¬¸í•˜ëŠ” ìì˜ ë¶ˆì•ˆí•œ ëˆˆë¹›ê³¼ ìš°ë¦¬ ì—°ëŒšì˜ ì—¬ìœ ! ğŸ’¯ https://t.co/8c4H2HIDxV,1,O,0,,,,,,,,,,
WorkingğŸ’¯ğŸŒª https://t.co/frgsjI9bgj,0,N,0,,,,,,,,,,
Blessed and Highly FAVOREDâ€¼ï¸ Let's Go INDIANSğŸ’¯ğŸ’¯ https://t.co/jfh43AjdiY,1,O,0,,,,,,,,,,
On This Day - January 23rd 1982. KISS' only US single from The Elder - A World Without Heroes peaks at #56 on Billboard's Hot ğŸ’¯ chart. https://t.co/lPsrOFD33s,0,F,0,EXAMPLE,,,,,,,,,
"Iâ€™m proud of myself, but I didnâ€™t do it alone. ğŸ’ªğŸ¾ğŸ’¯ğŸ’¯
#LumpSum",1,N,0,,,,,,,,,,
Love the mask and bandanna @DoeDoLLa ğŸ’¯ğŸ˜·ğŸ” https://t.co/6sjT8vDAES,1,O,0,,,,,,,,,,
ğŸ’¯ this https://t.co/egVp0qLE2z,0,N,0,,,,,,,,,,
"Shoutout to @hollyhoodbaybay ğŸ™ğŸ½ğŸ’¯ 
@50cent  Decemberâ€™s party was litğŸ”¥ğŸ”¥ğŸ”¥. https://t.co/ZwlLmOuBJt",0,N,0,,,,,,,,,,
"âœ¨ Pelipper âœ¨ â™‚ï¸
IV: ğŸ’¯ ( 15/15/15 ) CP: 1914 LVL: 33
Dsp IN: (05:31)
-36.841692,174.765298
#PogoConnection",0,N,0,,,,,,,,,,
Stop the Rain playing atm!!! Mr Tickles said the riff is ğŸ‘ŒğŸ‘ŒğŸ‘ŒğŸ‘Œ and yes indeed it isğŸ¤§ğŸ’¯,1,O,0,,,,,,,,,,
hamido arjal rajil ğŸ’¯,0,N,0,,,,,,,,,,
"sadu:
l'yhovi: hiiiiiii ğŸ’¯",0,N,0,,,,,,,,,,
A MAN in yo cornerğŸ¤ğŸ¾ is waaaaayy different than a nigga JUST in ya BED ğŸ¥´ğŸ’¯ğŸ’ªğŸ¾,1,O,0,,,,,,,,,,
Big s/o to @beebrizee ğŸ’¯,1,N,0,,,,,,,,,,
"Tendencia en PerÃº, lo conseguimos.. ğŸ¤ŸğŸ»ğŸ‰ğŸ¥³        #edabolat ğŸ‘°ğŸ’—ğŸ’¯ #SenÃ‡alKapimiğŸ¥³ğŸ¥³ #HandeErÃ§elâœ¨ğŸ’ğŸ‘° #KeremBÃ¼rsin ğŸ¤– ğŸ¤µ https://t.co/SJ1qjwtBGy",0,N,0,,,,,,,,,,
"ğŸŒŸ â“…â“„â’¼â“„â’½â“Šâ’· ğŸŒŸ
âœ¨ (Boosted) Roselia â™‚ï¸ (27:41)
MOVES: Razor Leaf / Sludge Bomb
IV: ğŸ’¯ (15/15/15) CP: 534 LVL: 10
ğŸ‡ºğŸ‡¸ Warner Robins, United States
32.634572,-83.651592
#ShinyCheck - more coords &gt;&gt; @pogohubofficial",0,N,0,,,,,,,,,,
"ğŸŒŸ â“…â“„â’¼â“„â’½â“Šâ’· ğŸŒŸ
âœ¨ (Boosted) Meditite â™€ï¸ (22:09)
MOVES: Confusion / Ice Punch
IV: ğŸ’¯ (15/15/15) CP: 475 LVL: 24
ğŸ‡µğŸ‡« Papeete, French Polynesia
-17.544655,-149.580667
#ShinyCheck - more coords &gt;&gt; @pogohubofficial",0,N,0,,,,,,,,,,
"51.53133, -0.12151
Nincada ğŸ’¯cp106 #ShinyCheck",0,N,0,,,,,,,,,,
Well deserved ğŸ’¯ https://t.co/V4czLHpBKS,1,O,0,,,,,,,,,,
Re locoos la pasamos mejorrrğŸ’¯,1,O,0,,,,,,,,,,
ğŸ’¯ğŸ’¯ğŸ’¯ğŸ’¯ https://t.co/VQX1smA60e,0,N,0,,,1,,,,,,,
ğŸ’¯ğŸ’¯ğŸ’¯ğŸ’ƒğŸ¿ğŸ˜ https://t.co/UyMH5fNR52,0,N,0,,,1,,,,,,,
Vean la promociÃ³n que tenemos hoy y maÃ±ana ğŸ’¯ğŸ“¦ğŸ¤©ğŸ˜. https://t.co/DGGFxmsqAi,0,N,0,,,,,,,,,,
I might be on you for a minute but once Iâ€™m off you there ainâ€™t no going back ğŸ˜­ğŸ’¯,1,O,0,,,,,,,,,,
Stop texting an calling ppl first bet u wont hear frm them nmğŸ’¯ğŸ‘ŒğŸ¾,1,O,0,,,,,,,,,,
Otdns ğŸ’¯ğŸ™‡ğŸ½â€â™€ï¸ https://t.co/yaBEL5W9lZ,1,N,0,,,,,,,,,,
Dam 1 month too ğŸ’”ğŸ’¯,0,N,0,,,,,,,,,,
ğŸ’¯ https://t.co/1FwK6rBNWG,0,N,0,,,1,,,,,,,
Mcgregor Madness tonight ğŸ’¯ğŸ‘ŠğŸ‘‘â˜˜ï¸,1,N,0,,,,,,,,,,
MdsğŸ’¯ https://t.co/ggFIuTYxjc,0,N,0,,,,,,,,,,
3 months ğŸ‘ŒğŸ¼ gracias a dios ğŸ’¯ https://t.co/OdfwNHrK01,0,N,0,,,,,,,,,,
"âœ¨ Spheal âœ¨ â™€ï¸
IV: ğŸ’¯ ( 15/15/15 ) CP: 852 LVL: 32
Dsp IN: (22:27)
45.021562,-93.469753
#PogoConnection",0,N,0,,,,,,,,,,
Wish He Would Of Got A Ring He Deserves It ğŸ¤¦ğŸ¾â€â™‚ï¸ğŸ’¯ğŸ’ªğŸ¾ https://t.co/Ul7fYxK7X5,1,O,0,,,,,,,,,,
Im just ready to see my bank account numbers tripling ğŸ’¯ I love money,1,O,0,,,,,,,,,,
Jeje pero mira el tuit de rusiatoday con Putin y sus perritos awwwww ğŸ˜ğŸ’¯ğŸ¤™ğŸ» https://t.co/EWcDnEBtJ1,0,N,0,,,,,,,,,,
Uhummm aprendi a jogar sinuca no rolÃª ğŸ’¯ https://t.co/f3dz1jnpvE,0,N,0,,,,,,,,,,
ğŸ’™ğŸ’™ğŸ’™ğŸ’™ğŸ’™ğŸ’™ğŸ’™ğŸ’™ğŸ’™ğŸ’™ğŸ’™ğŸ’™ğŸ’™ğŸ’™ğŸ’™ğŸ’™ğŸ’™ğŸ’™ğŸ’™ğŸ’™ğŸ’™ğŸ’™ğŸ’™ğŸ’™ğŸ’™ğŸ’¯ https://t.co/ZZP3GJmcJk,0,N,0,,,,,,,,,,
You can do what you want when you got moneyğŸ’¯,1,O,0,,,,,,,,,,
All it take is 1 mistake &amp; it ah cost ya life ğŸ’¯,1,O,0,,,,,,,,,,
"æ˜¨æ—¥ã®é…”ã£ã±ã‚‰ã„ã­ã“ã“ã¯ã¡ã‚ƒã‚“ã¨SSã‚’æ’®ã£ã¦ã¦ãã‚ŒãŸã¿ãŸã„ãªã®ã§è¨˜æ†¶ã®ä¿®å¾©ãŒå®Œäº†ã—ãŸ( ï½¥Â´ï½°ï½¥ï½€)
ãˆã‚‰ã„ã£ï¼ğŸ’¯",1,N,0,,,,,,,,,,
"51.47394, -0.10943
Nincada ğŸ’¯cp549 #ShinyCheck",0,N,0,,,,,,,,,,
Mfs be odd bro ğŸ¤£ I swear ğŸ’¯,1,O,0,,,,,,,,,,
Iâ€™m not satisfied with what I got but Iâ€™m grateful ğŸ’¯,1,O,0,,,,,,,,,,
College is college it doesnâ€™t matter what college you go to you did that ğŸ‘ğŸ¾ğŸ‘ğŸ¾ğŸ‘ğŸ¾ğŸ‘ğŸ¾ğŸ‘ğŸ¾ğŸ‘ğŸ¾ğŸ‘ğŸ¾ğŸ‘ğŸ¾ğŸ’¯ https://t.co/uJBcwo16bX,1,O,0,,,,,,,,,,
ğŸ’¯ğŸ’¯ğŸ’¯ https://t.co/02LMWNFw2T,0,N,0,,,1,,,,,,,
Ion get enough support. They gon regret Dat ğŸ’¯âœ…ğŸ¥±,1,O,0,,,,,,,,,,
Listen this phone gotta go ğŸ’¯ğŸ˜,1,O,0,,,,,,,,,,
Fresh start of all parties thank you Stafford! ğŸ’¯ https://t.co/VMQXVGf5eu,0,N,0,,,,,,,,,,
"l'amour &gt; covid 
sans amour, nous serions perdus ğŸ’¯ Quelles choses vous apportent l'amour en ces temps?
#Covid_19 #amour #love https://t.co/k5Yc3L8fk2",1,O,0,,,,,,,,,,
Como todo buen Catracho y ya con todo el apetito recuperado al ğŸ’¯ #pollitocontajadas y unas #baleadas ğŸ½ğŸ˜‹ @ Washington D.C. https://t.co/r2kbFR9mJs,0,N,0,,,,,,,,,,
La birrita en el patioğŸ¤¤ğŸ’¯,0,N,0,,,,,,,,,,
ğŸ’¯ğŸš¦ https://t.co/pHezz5p8Eb,0,N,0,,,1,,,,,,,
ğŸ’¯ https://t.co/BJrqlySh24,0,N,0,,,1,,,,,,,
ğŸ’¯ https://t.co/SujCtkbvKD,0,N,0,,,1,,,,,,,
â€œI tell u Iâ€™m good cuz if I ainâ€™t u ainâ€™t goin do shitâ€ğŸ’¯ @YGTECK_AFTM,1,O,0,,,,,,,,,,
ğŸ’¯% ğŸ‘‡ğŸ» https://t.co/BkrJl18s14,0,N,0,,,1,,,,,,,
das wort clubhouse mutenğŸ™ğŸ’¯,0,N,0,,,,,,,,,,
El fernecito en el balcÃ³n con mÃ­ hermanoâ¤ï¸ğŸ’¯,0,N,0,,,,,,,,,,
send that boy matthew stafford to the patriots ğŸ’¯,1,O,0,EXAMPLE,,,,,,,,,
Just caught up with everything and I ain't talking homework ğŸ’¯,1,N,0,,,,,,,,,,
"BIENVENIDAS MIS TAN ESPERADAS VACACIONES ğŸ’“ğŸ¥³ 

Quiero llegar y abrazar a mi hijo. Una semana no recompensa todo mi tiempo perdido con Ã©l pero voy a disfrutarlo al ğŸ’¯",0,N,0,,,,,,,,,,
The problem is. Everyone in their starting 5 are offensive superstars but defensive liabilities... and the Cavs beating them twice in the same week proved thatğŸ’¯ https://t.co/tJyR4FgAp9,1,O,0,EXAMPLE,,,,,,,,,
"â”â”â”â”â”â”â”â”â”
ğŸ’™ *_TEAMâ“‚YSTiCğŸ’™ARG_*ğŸ’™
â”â”â”â”â”â”â”â”â”
âœ¨ ğŸ¦ *GROUDON* ğŸ¦âœ¨
*POTENCIADO/BOOSTED*
ğŸ’¯=2ï¸âƒ£9ï¸âƒ£3ï¸âƒ£9ï¸âƒ£

*GYM 1: JUEGOS DE PLAZA*
*ğŸ‡¦ğŸ‡· GYM EX* ğŸ‡¦ğŸ‡·
â³ *_1ra Ronda_: 20:55 // xx:55*
*CC GYM:*
-34.544187,-58.476998
#ExRaids",0,N,0,,,,,,,,,,
"â”â”â”â”â”â”â”â”â”
     ğŸ’™ *_TEAMâ“‚YSTiCğŸ’™ARG_*ğŸ’™
                â”â”â”â”â”â”â”â”â”

  âœ¨ ğŸ¦ *GROUDON* ğŸ¦âœ¨

       *POTENCIADO/BOOSTED*

      ğŸ’¯=  2ï¸âƒ£9ï¸âƒ£3ï¸âƒ£9ï¸âƒ£

*GYM 1: JUEGOS DE PLAZA*

*ğŸ‡¦ğŸ‡· GYM EX* ğŸ‡¦ğŸ‡·

â³ *_1ra Ronda_: 20:55 // xx:55*

*CC GYM:*
-34.544187,-58.476998
#ExPassGym",0,N,0,,,,,,,,,,
"ğŸŒŸ â“…â“„â’¼â“„â’½â“Šâ’· ğŸŒŸ
âœ¨ (Boosted) Baltoy (XL) (27:20)
MOVES: Confusion / Gyro Ball
IV: ğŸ’¯ (15/15/15) CP: 629 LVL: 28
ğŸ‡ºğŸ‡¸ Whittingham, United States
40.285626,-74.266854
#ShinyCheck - follow us see pined link",0,N,0,,,,,,,,,,
ğŸ’¯ https://t.co/14tMAFNVuZ,0,N,0,,,1,,,,,,,
"ğŸŒŸ â“…â“„â’¼â“„â’½â“Šâ’· ğŸŒŸ
âœ¨ Roselia â™€ï¸ (14:50)
MOVES: Poison Jab / Petal Blizzard
IV: ğŸ’¯ (15/15/15) CP: 139 LVL: 3
ğŸ‡«ğŸ‡· Le Mans, France
47.964941,0.225464
#ShinyCheck - follow us see pined link",0,N,0,,,,,,,,,,
Twotones &amp; Krizzy S4L https://t.co/9oG6KBsVHx via @YouTube GO SUBSCRIBE RN!!!!ğŸ’¯ğŸ’¯ğŸ’šâ¤ï¸ğŸ–¤,1,N,0,,,,,,,,,,
ğŸ˜‚ğŸ˜‚ğŸ’¯ https://t.co/fXRA8bC58U,0,N,0,,,1,,,,,,,
Hit him up for your towing needs ğŸ’¯ https://t.co/h8uBX9FrZd,0,N,0,,,,,,,,,,
"Sheesh, GO CRAZY JGreen ğŸ¤ğŸ’¯ğŸ˜¤ https://t.co/yPwBg4cGk2",0,N,0,,,,,,,,,,
Love has no priceğŸ˜ğŸ¥°âœ”âœ”âœ”âœ”âœ”ğŸ’¯ğŸ’¯ğŸ’¯,1,O,0,,,,,,,,,,
Thank you God Iâ€™m gone keep saying this ğŸ˜­ğŸ™ğŸ½ğŸ’¯,1,N,0,,,,,,,,,,
"More  heat otw , iâ€™m consistent ğŸ’¯",1,O,0,,,,,,,,,,
You guys check out @OfficialJRJ_ Evolution PPV tomorrow on his channel as it will be an absolute classic! You don't want to miss it! ğŸ’¯ https://t.co/s4JjOWxYEl,1,O,0,,,,,,,,,,
"âœ¨ Aron âœ¨ ğŸ’¯% xl boosted
CP: 1139 Level: 31
ğŸ‡¦ğŸ‡º docklands ğŸ‡¦ğŸ‡º
-37.817050,144.954860

#hundo #shundo
ğ™¿ğ™¾ğ™¶ğ™¾ğ™·ğš„ğ™±
For more ğŸ”¥ğŸ”¥ğŸ”¥ coords join us on Discord see pinned link",0,N,0,,,,,,,,,,
ğŸ’¯ğŸ’¯ğŸ’¯ https://t.co/eQlY4FcghK,0,N,0,,,1,,,,,,,
You should be made a priority even in the talking stageğŸ’¯,1,O,0,,,,,,,,,,
"!:$:!,&amp;/!&amp;,!/&amp;;!/&amp;,!:&amp;ğŸ’€ğŸ’€â€¼ï¸â€¼ï¸â€¼ï¸â€¼ï¸â€¼ï¸ğŸ’¯ğŸ’¯ğŸ’¯ğŸ’¯PUTAINNNNDDNBJDBDHF https://t.co/3cmbOmQAli",0,N,0,,,,,,,,,,
IWFB ALL PATRIOTS ğŸ’¯ğŸ‡ºğŸ‡¸ https://t.co/WSlx3b9xBc,0,N,0,,,,,,,,,,
ğŸ™ğŸ™ğŸ™ğŸ‘†ğŸ‘†ğŸ‘†ğŸ™ŒğŸ™ŒğŸ™Œâœï¸âœï¸âœï¸ğŸ‘ï¸ğŸ‘ï¸ğŸ‘ï¸ğŸ‘€ğŸ‘€ğŸ‘€ğŸ‘‚ğŸ‘‚ğŸ‘‚ğŸ‘…ğŸ‘…ğŸ‘…ğŸ—£ï¸ğŸ—£ï¸ğŸ—£ï¸ğŸ±ğŸ¯ğŸ…ğŸ‡³ğŸ‡¬ğŸ‡³ğŸ‡¬ğŸ‡³ğŸ‡¬ğŸ•“ğŸ•“ğŸ•“ğŸµğŸµğŸµğŸ¶ğŸ¶ğŸ¶ğŸ’¯ğŸ’¯ğŸ’¯ğŸ†˜ğŸ†˜ğŸ†˜ğŸ‰‘ğŸ‰‘ğŸ‰‘ğŸ“³ğŸ“³ğŸ“³ğŸ†”ğŸ†”ğŸ†”âœï¸âœï¸âœï¸ğŸ’—ğŸ’—ğŸ’—ğŸ’˜ğŸ’˜ğŸ’˜ğŸ§¡ğŸ§¡ğŸ§¡âœ‚ï¸âœ‚ï¸âœ‚ï¸ğŸ”ğŸ”ğŸ”ğŸ”ğŸ“ğŸ“ğŸ“ğŸ“ˆğŸ“ˆğŸ“ˆğŸ“­ğŸ“­ğŸ“­ğŸ“¯ğŸ“¯ğŸ“¯ğŸ’ŒğŸ’ŒğŸ’ŒğŸ“§ğŸ“§ğŸ“§ğŸ“©ğŸ“©ğŸ“©ğŸ›ŒğŸ›ŒğŸ›ŒğŸª‘ğŸª‘ğŸª‘â›±ï¸â›±ï¸â›±ï¸ğŸ§¹ğŸ§¹ğŸ§¹ğŸ—ï¸ğŸ—ï¸ğŸ—ï¸ğŸ©ºğŸ©ºğŸ©ºğŸ› ï¸ğŸ› ï¸ğŸ› ï¸âš™ï¸âš™ï¸âš™ï¸ğŸ”§ğŸ”§ğŸ”§ğŸ§°ğŸ§°ğŸ§°âš–ï¸âš–ï¸âš–ï¸ğŸ’ğŸ’ğŸ’ğŸª™ğŸª™ğŸª™ğŸ’³ğŸ’³ğŸ’³âŒšï¸ https://t.co/RvbNJGTTJz,0,N,0,,,1,,,,,,,
ğŸ’¯ğŸ’¯ğŸ’¯ https://t.co/QC58GJc95w,0,N,0,,,1,,,,,,,
"âœ¨ Basculin âœ¨ (Blue Striped) â™‚ï¸
IV: ğŸ’¯ ( 15/15/15 ) CP: 1792 LVL: 30
Dsp IN: (24:10)
40.228509,-83.365127
#PogoConnection",0,N,0,,,HONESTY,ACCURACY,OCOUNT,FCOUNT,NCOUNT,non-text quote tweets,,
Point GOD. ğŸ’¯ https://t.co/0Lrtpcmq8m,1,O,0,,N=147,68,0,54,3,90,24,,